Id,OrderId,ItemId
c0c60cfa-da01-47d0-8168-268c140ccb5d,71a9c610-6065-4af0-a812-64ca53a9926e,65600342-bd86-4f83-b4ed-15dc81c9e6f4
9265397d-292e-4f4c-861d-8e1f8943f747,e6443d33-7357-471d-98ec-6d00ff089758,65600342-bd86-4f83-b4ed-15dc81c9e6f4
c58b2525-dceb-45fb-a8d5-53c814ce8016,14a2b210-8388-409a-8db6-a7de5d007a51,50f3e408-e881-4869-9c8b-6b9bf060feac
8f4a18b1-eb5d-46fe-aa20-396d644c5313,9a5e97a1-5847-4e33-aae5-a4f2d30427c2,dd34061b-984c-4c9d-8dd5-604d7f01be05
b8637d01-0f18-4ea7-9db1-6f501a29ea88,14a2b210-8388-409a-8db6-a7de5d007a51,07b1201d-757f-4078-94d4-34b6776bae59
b6a677f8-0010-4e5d-b9d0-66fb49324a87,64094ec7-cc66-451d-8ead-6ace02c0e92a,65600342-bd86-4f83-b4ed-15dc81c9e6f4
e025d70d-3795-4fe6-b198-3f2148d5b49d,71a9c610-6065-4af0-a812-64ca53a9926e,d44fbad1-efed-446e-9b82-941a27481697
2a812a40-054c-44df-be1e-50523a6d4786,564c23cd-88c5-4fec-80f7-d7066c4eeccc,65600342-bd86-4f83-b4ed-15dc81c9e6f4
22cf80c2-438c-4928-959d-cec83fd36e9f,9a5e97a1-5847-4e33-aae5-a4f2d30427c2,984f85c2-4165-49f1-b286-80f5822e489f
6049b1c4-eaad-4d25-b762-421d1afff5e0,64094ec7-cc66-451d-8ead-6ace02c0e92a,08fac4da-810b-4501-9d7c-94a070b1f7fe